INSERT INTO CLIENT (NAME, CPF, MAIL, PASSWORD) VALUES('Leonardo Ahmed', '05347874515', 'leo@gmail.com', '1234');
INSERT INTO CLIENT (NAME, CPF, MAIL, PASSWORD) VALUES('Cristovao Lima', '02585586255', 'cristovao@gmail.com', '5678');
INSERT INTO CLIENT (NAME, CPF, MAIL, PASSWORD) VALUES('Aline Cantalice', '45852123588', 'alinecanta@gmail.com', '9012');
INSERT INTO CLIENT (NAME, CPF, MAIL, PASSWORD) VALUES('Washington Santos', '05412588512', 'wahsantos@gmail.com', '3456');

INSERT INTO ACCOUNT (NUMBERACCOUNT, TYPEACCOUNT, ACCOUNTBALANCE, IDCLIENT) VALUES(08254, 'CC', 8000.00, 1);
INSERT INTO ACCOUNT (NUMBERACCOUNT, TYPEACCOUNT, ACCOUNTBALANCE, IDCLIENT) VALUES(05247, 'CP', 80000.00, 2);
INSERT INTO ACCOUNT (NUMBERACCOUNT, TYPEACCOUNT, ACCOUNTBALANCE, IDCLIENT) VALUES(08963, 'CC', 50000.00, 3);
INSERT INTO ACCOUNT (NUMBERACCOUNT, TYPEACCOUNT, ACCOUNTBALANCE, IDCLIENT) VALUES(07452, 'CP', 80900.00, 4);


INSERT INTO TRANSACTIONS(DESCRIBLE, ACCOUNTSOURCE, ACCOUNTDESTINY, VALUETRANSACTION, DATETRANSACTION, IDACCOUNT) VALUES (
'CREDIT',
 08963,
 07452,
 200.00,
parsedatetime('19-09-2020 18:55:52.22', 'dd-MM-yyyy hh:mm:ss.SS'), 
2
);

INSERT INTO TRANSACTIONS(DESCRIBLE, ACCOUNTSOURCE, ACCOUNTDESTINY, VALUETRANSACTION, DATETRANSACTION, IDACCOUNT) VALUES (
'DEBT', 
 08963,
 08254,
300.00,
parsedatetime('08-07-2020 21:47:52.13', 'dd-MM-yyyy hh:mm:ss.SS'), 
3
);

INSERT INTO TRANSACTIONS(DESCRIBLE, ACCOUNTSOURCE, ACCOUNTDESTINY, VALUETRANSACTION, DATETRANSACTION, IDACCOUNT) VALUES (
'DEBT',
07452,
05247,
400.00,
parsedatetime('13-59-2020 08:07:05.08', 'dd-MM-yyyy hh:mm:ss.SS'), 
4
);

INSERT INTO TRANSACTIONS(DESCRIBLE, ACCOUNTSOURCE, ACCOUNTDESTINY, VALUETRANSACTION, DATETRANSACTION, IDACCOUNT) VALUES (
'CREDIT',
 05247,
 07452,
400.00,
parsedatetime('17-09-2020 18:47:52.69', 'dd-MM-yyyy hh:mm:ss.SS'), 
4
);

INSERT INTO TRANSACTIONS(DESCRIBLE, ACCOUNTSOURCE, ACCOUNTDESTINY, VALUETRANSACTION, DATETRANSACTION, IDACCOUNT) VALUES (
'DEBT',
 08963,
 08254,
300.00, 
parsedatetime('17-09-2020 18:47:52.69', 'dd-MM-yyyy hh:mm:ss.SS'), 
3
);



 

